post_id,title,post_date,link,attachment_filename,attachment_url,review_reason
104,Power in Weakness | One Verse Blog - Day 1,2017-10-10 21:02:00,/blogfeed/2017/10/10/power-in-weakness-one-verse-blog-day-1,blog_black,http://images.squarespace-cdn.com/content/v1/5c1a639f506fbe5304403734/1554313266064-Q0EALE4DPFJFCNX2HLRW/Blog_black.jpg,Generic image (blog_black)
157,Goodbye Old Me,2018-10-02 18:18:00,/blogfeed/2018/10/2/goodbye-old-me,blog_white,http://images.squarespace-cdn.com/content/v1/5c1a639f506fbe5304403734/1554313254887-X4SBRFODGCRPJ7MQPQ55/Blog_white.jpg,Generic image (blog_white)
160,Conflict,2018-10-31 00:42:00,/blogfeed/2018/10/30/conflict,blog_red,http://images.squarespace-cdn.com/content/v1/5c1a639f506fbe5304403734/1554313174114-FUHOO0FTFSJBNSEAU3WH/Blog_red.jpg,Generic image (blog_red)
162,Take a Look Inside,2018-10-08 18:16:00,/blogfeed/2018/10/8/take-a-look-inside,blog_red,http://images.squarespace-cdn.com/content/v1/5c1a639f506fbe5304403734/1554313900251-HHMIGYRMZ4C6QM5IRPPB/Blog_red.jpg,Generic image (blog_red)
164,Food is My Love Language,2018-11-14 01:40:00,/blogfeed/2018/11/13/food-is-my-love-language,blog_white,http://images.squarespace-cdn.com/content/v1/5c1a639f506fbe5304403734/1554312627865-E44RE6VWQJHMNPOQLKFE/Blog_white.jpg,Generic image (blog_white)
166,Attitude of Gratitude,2018-11-20 01:39:00,/blogfeed/2018/11/19/attitude-of-gratitude,blog_red,http://images.squarespace-cdn.com/content/v1/5c1a639f506fbe5304403734/1554312615236-0TENAAUMRWRHUSV61YH1/Blog_red.jpg,Generic image (blog_red)
168,Gratitude: The Pursuit,2018-11-27 01:25:00,/blogfeed/2018/11/26/gratitude-the-pursuit,blog_black,http://images.squarespace-cdn.com/content/v1/5c1a639f506fbe5304403734/1554312604329-H5XT308DNLULPRDLXWKJ/Blog_black.jpg,Generic image (blog_black)
170,Discouragement & Hope,2018-11-06 01:41:00,/blogfeed/2018/11/5/discouragement-amp-hope,blog_black,http://images.squarespace-cdn.com/content/v1/5c1a639f506fbe5304403734/1554313143107-TSE7IG4UAAMKLX8UDP4D/Blog_black.jpg,Generic image (blog_black)
172,15 Minutes to Flee,2018-12-10 17:07:00,/blogfeed/2018/12/19/15-minutes-to-flee,blog_red,http://images.squarespace-cdn.com/content/v1/5c1a639f506fbe5304403734/1554312584764-4M2CGGHMQ5HATS4T5PNJ/Blog_red.jpg,Generic image (blog_red)
174,Presence Over Presents,2018-12-17 17:00:00,/blogfeed/2018/12/19/presence-over-presents,blog_black,http://images.squarespace-cdn.com/content/v1/5c1a639f506fbe5304403734/1554312506609-9X2Z9PQYMXNONY669BYC/Blog_black.jpg,Generic image (blog_black)
176,Light of the World,2018-12-25 19:01:00,/blogfeed/2018/12/25/light-of-the-world,blog_white,http://images.squarespace-cdn.com/content/v1/5c1a639f506fbe5304403734/1554312497236-1AFRK9TCEFKDWNCR8SFS/Blog_white.jpg,Generic image (blog_white)
178,Rejoice,2018-12-04 01:22:00,/blogfeed/2018/12/3/rejoice,blog_white,http://images.squarespace-cdn.com/content/v1/5c1a639f506fbe5304403734/1554312595319-VVJDX5V1OHZQKCZE9JB3/Blog_white.jpg,Generic image (blog_white)
180,A Desire for More,2018-02-15 16:18:00,/blogfeed/2018/2/15/a-desire-for-more,blog_black,http://images.squarespace-cdn.com/content/v1/5c1a639f506fbe5304403734/1554312471242-LY7EFJRLIY5H1AVAOGC1/Blog_black.jpg,Generic image (blog_black)
213,Breakthrough to Freedom,2019-01-22 16:05:00,/blogfeed/2019/1/22/breakthrough-to-freedom,breakthrough_social2,http://images.squarespace-cdn.com/content/v1/5c1a639f506fbe5304403734/1554311676057-D7HLNAQV6ZF5U7P6PQU6/Breakthrough_Social2.jpg,No match - likely stock photo
215,Gaining Financial Peace,2018-08-20 18:24:00,/blogfeed/2019/1/24/gaining-financial-peace,blog_red,http://images.squarespace-cdn.com/content/v1/5c1a639f506fbe5304403734/1554312486273-XZ3ANVR7K9X19EDY91I5/Blog_red.jpg,Generic image (blog_red)
218,Pray First,2019-01-31 16:47:00,/blogfeed/2019/1/31/pray-first,blog_white,http://images.squarespace-cdn.com/content/v1/5c1a639f506fbe5304403734/1554311494553-7HPK6ZNNPXTJJP945N8N/Blog_white.jpg,Generic image (blog_white)
220,Peace Be With You,2019-10-01 12:00:00,/blogfeed/2019/10/1/peace-be-with-you,blog_10.1.19,http://images.squarespace-cdn.com/content/v1/5c1a639f506fbe5304403734/1568641046362-WX0YTFDGAVE13R2OO286/blog_10.1.19.jpg,Generic image (blog)
224,How To Prepare for Battle,2019-10-22 12:00:00,/blogfeed/2019/10/15/praying-a-miracle,battleblog_lynnesade_10-15-19,http://images.squarespace-cdn.com/content/v1/5c1a639f506fbe5304403734/1569258708223-31BCWNDHKGEKNL08X2IU/BattleBlog_LynneSade_10-15-19.jpg,No match - likely stock photo
228,Developing Patience,2019-10-08 12:03:00,/blogfeed/2019/10/8/developing-patience,blogpatience_tomcappucci_10-8-19,http://images.squarespace-cdn.com/content/v1/5c1a639f506fbe5304403734/1569258127862-CBXZH0X989H4BCG51OTJ/blogpatience_tomcappucci_10-8-19.jpg,No match - likely stock photo
232,Being Built Together,2019-11-25 18:24:50,/blogfeed/2019/11/25/being-built-together,christopher-burns-8kfcr12oeum-unsplash,http://images.squarespace-cdn.com/content/v1/5c1a639f506fbe5304403734/1574705856479-NFPHX35C13O7585N7IWX/christopher-burns-8KfCR12oeUM-unsplash.jpg,No match - likely stock photo
236,Looking for Joy,2019-12-10 14:00:00,/blogfeed/2019/12/2/looking-for-joy,untitled-3,http://images.squarespace-cdn.com/content/v1/5c1a639f506fbe5304403734/1575301076360-NVXVHWSJY8EBM34DCEEA/Untitled-3.jpg,No match - likely stock photo
238,Spirit-filled hearts in Cuba,2019-12-03 14:00:00,/blogfeed/2019/12/2/spirit-filled-hearts-in-cuba,cubablog,http://images.squarespace-cdn.com/content/v1/5c1a639f506fbe5304403734/1575299942608-BE2Q7IBYNTQFEC6MHICR/cubablog.jpg,No match - likely stock photo
240,Getting Past the Words,2019-02-11 18:14:40,/blogfeed/2019/2/11/getting-past-the-words,blog_black,http://images.squarespace-cdn.com/content/v1/5c1a639f506fbe5304403734/1554311429922-8PUXABNDYQHMT1PKPUWZ/Blog_black.jpg,Generic image (blog_black)
242,Giving Fresh Meaning to the Lord’s Prayer,2019-02-18 14:00:00,/blogfeed/2019/2/11/giving-fresh-meaning-to-the-lords-prayer,blog_white,http://images.squarespace-cdn.com/content/v1/5c1a639f506fbe5304403734/1554311405268-4SZB22IZJU41OZ799AN2/Blog_white.jpg,Generic image (blog_white)
244,Groups,2019-02-25 14:00:00,/blogfeed/2019/2/25/groups,blog_red,http://images.squarespace-cdn.com/content/v1/5c1a639f506fbe5304403734/1554311396232-D55QFG7BENPNVOWAUCPU/Blog_red.jpg,Generic image (blog_red)
246,In Everything - Pray,2019-02-05 01:23:00,/blogfeed/2019/2/4/in-everything-pray,blog_red,http://images.squarespace-cdn.com/content/v1/5c1a639f506fbe5304403734/1554311440440-56SL3TMYFUDVCOE78THL/Blog_red.jpg,Generic image (blog_red)
248,Just Hold A Baby?,2019-03-12 13:00:00,/blogfeed/2019/3/12/just-hold-a-baby,blog_bonnierussman,http://images.squarespace-cdn.com/content/v1/5c1a639f506fbe5304403734/1554310762201-41LBOT8U0FMZS64VW4QV/Blog_BonnieRussman.jpg,Generic image (blog)
250,Love Without Borders,2019-03-19 13:00:00,/blogfeed/2019/3/19/love-without-borders,codybryant_blog,http://images.squarespace-cdn.com/content/v1/5c1a639f506fbe5304403734/1554310736211-VLRKL0HG3KEPOONJHIWI/CodyBryant_blog.jpg,No match - likely stock photo
252,A Heart For Serving,2019-04-02 13:00:00,/blogfeed/2019/3/26/a-heart-for-serving,heartforserving_ashleycordes,http://images.squarespace-cdn.com/content/v1/5c1a639f506fbe5304403734/1554310651911-CWPRW4187VH7TP8UGID9/HeartforServing_AshleyCordes.jpg,No match - likely stock photo
254,"Yesterday, Today and Tomorrow",2019-03-26 13:00:00,/blogfeed/2019/3/26/yesterday-today-and-tomorrow,andrewblogpost_mar_26_2019,http://images.squarespace-cdn.com/content/v1/5c1a639f506fbe5304403734/1554310700447-XQ420IE4ATPDA925EFCX/AndrewBlogpost_mar_26_2019.jpg,No match - likely stock photo
256,Carry Each Other's Burdens,2019-03-04 14:00:00,/blogfeed/2019/3/4/carry-each-others-burdens,blog_black,http://images.squarespace-cdn.com/content/v1/5c1a639f506fbe5304403734/1554311385916-G8CC6JQL2HG5JS67LNAN/Blog_black.jpg,Generic image (blog_black)
258,Perseverance,2019-04-16 13:00:00,/blogfeed/2019/4/16/perseverance,4.16.19_bonnierussman,http://images.squarespace-cdn.com/content/v1/5c1a639f506fbe5304403734/1554737046959-8E52Z6ELC9S6DM4P0ZJO/4.16.19_BONNIERUSSMAN.jpg,No match - likely stock photo
260,Grace Upon Grace,2019-04-23 13:00:00,/blogfeed/2019/4/23/grace-upon-grace,2+corinthians+5%3b17+nlt+guy+laughing+-+title,http://images.squarespace-cdn.com/content/v1/5c1a639f506fbe5304403734/1554737280770-AXTGTDN2V6WZVTK89LW6/2+Corinthians+5%3B17+NLT+Guy+Laughing+-+Title.jpg,No match - likely stock photo
262,Finding Hope in Stinky Circumstances,2019-04-30 13:00:00,/blogfeed/2019/4/30/finding-hope-in-stinky-circumstances,4.30.19,http://images.squarespace-cdn.com/content/v1/5c1a639f506fbe5304403734/1555344485596-N6MO9XE8IHG1PG67GLYP/4.30.19.jpg,No match - likely stock photo
264,Unforgiveness,2019-04-09 13:00:00,/blogfeed/2019/4/9/unforgiveness,debbieblog_4-9-19,http://images.squarespace-cdn.com/content/v1/5c1a639f506fbe5304403734/1554321083550-Z488N9X78RBGWRQ227U8/DebbieBlog_4-9-19.jpg,No match - likely stock photo
266,Serving with His Eyes,2019-05-14 13:00:00,/blogfeed/2019/5/14/serving-with-his-eyes,5.14.19_candacesaunders,http://images.squarespace-cdn.com/content/v1/5c1a639f506fbe5304403734/1557754152038-VA4XH15T1F56YN4BRPKX/5.14.19_CandaceSaunders.jpg,No match - likely stock photo
268,Why I Volunteer,2019-05-21 13:00:00,/blogfeed/2019/5/21/why-i-volunteer,5.21.19_brycehall,http://images.squarespace-cdn.com/content/v1/5c1a639f506fbe5304403734/1557753558852-IZZV9F16IML6M7V499RE/5.21.19_BRYCEHALL.jpg,No match - likely stock photo
270,Why I Serve in StudentLife,2019-05-28 13:00:00,/blogfeed/2019/5/28/why-i-serve-in-studentlife,blog_andrewhopun5_28_19,http://images.squarespace-cdn.com/content/v1/5c1a639f506fbe5304403734/1558014851110-DZ3N5T8FAYB1ZRXFBH2S/blog_andrewhopun5_28_19.jpg,Generic image (blog)
272,Freedom From Perfection,2019-05-07 13:00:00,/blogfeed/2019/5/7/freedom-from-perfection,5.7.19_perfection_kellydampier,http://images.squarespace-cdn.com/content/v1/5c1a639f506fbe5304403734/1556548914287-J9RT1V92FCI6FDFIS8VH/5.7.19_Perfection_KellyDampier.jpg,No match - likely stock photo
274,Why I Attend A Group,2019-06-11 13:00:00,/blogfeed/2019/6/11/why-i-attend-a-group,6.11.19_marybentley_blog,http://images.squarespace-cdn.com/content/v1/5c1a639f506fbe5304403734/1560172385618-IXQ6VM1069R8GVEML5T8/6.11.19_MaryBentley_Blog.jpg,No match - likely stock photo
276,Get Ready,2019-06-18 12:21:00,/blogfeed/2019/6/18/get-ready,allisonpoindexter_blogpost_6-18-19,http://images.squarespace-cdn.com/content/v1/5c1a639f506fbe5304403734/1560172213800-5LYTMVOZQSOTQJAG1AYJ/AllisonPoindexter_Blogpost_6-18-19.jpg,No match - likely stock photo
278,Prayer,2019-06-25 12:00:00,/blogfeed/2019/6/25/prayer,6-25-19_lynnesade_blogpost,http://images.squarespace-cdn.com/content/v1/5c1a639f506fbe5304403734/1561047061178-GM9424G5NTHFGYTMP6OU/6-25-19_lynnesade_blogpost.jpg,No match - likely stock photo
280,Community,2019-06-04 20:59:03,/blogfeed/2019/6/4/community,joshwhite_blog,http://images.squarespace-cdn.com/content/v1/5c1a639f506fbe5304403734/1559682642323-L2W8J1JP7VXNG42DIFLY/JoshWhite_Blog.jpg,No match - likely stock photo
282,God’s Masterpiece,2019-07-16 11:12:00,/blogfeed/2019/7/16/gods-masterpiece,7.16.19_kathyburns,http://images.squarespace-cdn.com/content/v1/5c1a639f506fbe5304403734/1563279824052-28WTQ76IETN3XAOMR8UR/7.16.19_KathyBurns.jpg,No match - likely stock photo
284,Who are you kidding? You don’t need a doctor…,2019-07-02 12:00:00,/blogfeed/2019/7/2/who-are-you-kiddingnbspyou-dont-need-a-doctor,7.2.19_doctor,http://images.squarespace-cdn.com/content/v1/5c1a639f506fbe5304403734/1561659557773-FIYDO3SG6VQWNRCUSFTJ/7.2.19_doctor.jpg,No match - likely stock photo
288,My Father is always working!,2019-07-30 11:15:00,/blogfeed/2019/7/30/my-father-is-always-working,melody_social_july30-2019,http://images.squarespace-cdn.com/content/v1/5c1a639f506fbe5304403734/1564404335580-9GGX2DGDK13ZLHY3OGZS/Melody_social_july30-2019.jpg,No match - likely stock photo
290,What Comfort Zone?,2019-07-09 12:43:00,/blogfeed/2019/7/9/what-comfort-zone,comfortzone_7.9.19,http://images.squarespace-cdn.com/content/v1/5c1a639f506fbe5304403734/1561660932137-VKFQ25K3NF8OAHOQR2UP/comfortzone_7.9.19.jpg,No match - likely stock photo
296,A New Family,2019-08-27 12:30:00,/blogfeed/2019/8/27/a-new-family,newfamily_8-27-19_bonnierussman,http://images.squarespace-cdn.com/content/v1/5c1a639f506fbe5304403734/1564530903252-5Q7CKNKOFMM2YUR0RO3O/NewFamily_8-27-19_BonnieRussman.jpg,No match - likely stock photo
300,Grand Canyon Love,2019-09-10 12:00:00,/blogfeed/2019/9/10/grand-canyon-love,gcl_9-10-19_helenlockwood,http://images.squarespace-cdn.com/content/v1/5c1a639f506fbe5304403734/1564530120086-9JZZIZ5JM986VLVDSBKB/GCL_9-10-19_HelenLockwood.jpg,No match - likely stock photo
302,Hold My Hand,2019-09-17 12:00:00,/blogfeed/2019/9/17/hold-my-hand,blog_jhickory,http://images.squarespace-cdn.com/content/v1/5c1a639f506fbe5304403734/1568046591002-WNBKC8AVFFHR32W23O2X/blog_JHickory.jpg,Generic image (blog)
304,Even the Small Things,2019-09-24 12:00:00,/blogfeed/2019/9/24/even-the-small-things,blog_9.24.19,http://images.squarespace-cdn.com/content/v1/5c1a639f506fbe5304403734/1568641347159-OFRME3C0BM4VKDCST28A/blog_9.24.19.jpg,Generic image (blog)
308,What Will Jesus Find?,2020-11-11 16:32:40,/blogfeed/2020/11/11/whatwilljesusfind,awty,http://images.squarespace-cdn.com/content/v1/5c1a639f506fbe5304403734/1605551193257-3SH9GLPXAQPCV5LCZ0UD/AWTY.jpg,No match - likely stock photo
311,God's Power in Weakness,2020-11-12 15:07:57,/blogfeed/2020/11/4/gods-power-in-weakness,img_8377,http://images.squarespace-cdn.com/content/v1/5c1a639f506fbe5304403734/1605109574553-IWVZ95H2TBPRIDXMGMJS/IMG_8377.jpg,Generic image (img)
313,Planning for the Unexpected,2020-11-04 19:32:51,/blogfeed/2020/11/4/planning-for-the-unexpected,image+from+ios,http://images.squarespace-cdn.com/content/v1/5c1a639f506fbe5304403734/1604517634755-8QYLS5X27O4TWFMT6K1U/Image+from+iOS.png,No match - likely stock photo
315,The Power of Being Thankful,2022-11-24 17:04:00,/blogfeed/2020/11/4/the-power-of-being-thankful,image+from+ios+%282%29,http://images.squarespace-cdn.com/content/v1/5c1a639f506fbe5304403734/1604521061171-HVC6Y1LHUH34732SZMI6/Image+from+iOS+%282%29.png,No match - likely stock photo
317,Such an Awesome Thing,2020-12-22 21:53:03,/blogfeed/2020/12/22/such-an-awesome-thing,img_9336,http://images.squarespace-cdn.com/content/v1/5c1a639f506fbe5304403734/1608673265465-LHWTOFAIZCSXCAP8R797/IMG_9336.PNG,Generic image (img)
321,Act Like Men,2020-03-03 14:00:00,/blogfeed/2020/2/25/act-like-men,jakob-owens-lkmjcgdzlvs-unsplash,http://images.squarespace-cdn.com/content/v1/5c1a639f506fbe5304403734/1585623748540-U453QBP14V0R7Y2FQUN0/jakob-owens-lkMJcGDZLVs-unsplash.jpg,No match - likely stock photo
323,A Love Story,2020-03-17 13:00:00,/blogfeed/2020/3/30/8d9gyt3y50d65s8lymvystg24xe0sc,john-jennings-ict8l8ddek8-unsplash,http://images.squarespace-cdn.com/content/v1/5c1a639f506fbe5304403734/1585664979960-FX54CLHP9HFT61IC19JJ/john-jennings-IcT8l8DDek8-unsplash.jpg,No match - likely stock photo
325,Searching for Love in All The Wrong Places,2020-02-18 14:00:00,/blogfeed/2020/3/30/searching-for-love-in-all-the-wrong-places,drew-graham-_sr03vskieg-unsplash,http://images.squarespace-cdn.com/content/v1/5c1a639f506fbe5304403734/1585623512036-6Q3U9BOIEC10XB3S0LE8/drew-graham-_Sr03VSKIeg-unsplash.jpg,No match - likely stock photo
327,For Such a Time as This,2020-03-31 13:00:00,/blogfeed/2020/3/31/for-such-a-time-as-this,artem-maltsev-asschg6lvko-unsplash,http://images.squarespace-cdn.com/content/v1/5c1a639f506fbe5304403734/1585669015745-Z8NFJSMSPNPYAAICRYNS/artem-maltsev-aSscHG6lvko-unsplash.jpg,No match - likely stock photo
329,His Great Faithfulness,2020-04-14 13:00:00,/blogfeed/2020/3/31/his-great-faithfulness,joshua-earle-jawzcw0jpiw-unsplash,http://images.squarespace-cdn.com/content/v1/5c1a639f506fbe5304403734/1585667919912-6KGJ1HXT0BONDZ4CY1QJ/joshua-earle-JAwzCW0JpIw-unsplash.jpg,No match - likely stock photo
331,The Lord is Our Peace,2020-04-07 13:00:00,/blogfeed/2020/3/31/the-lord-is-our-peace,andre-benz-slokliaciti-unsplash,http://images.squarespace-cdn.com/content/v1/5c1a639f506fbe5304403734/1585666995570-8DU786UEJ4UN7NK28YNU/andre-benz-sLokLIacItI-unsplash.jpg,No match - likely stock photo
335,Listen to His Voice,2020-05-20 05:03:28,/blogfeed/2020/5/20/listen-to-his-voice,aboyandhisbike,http://images.squarespace-cdn.com/content/v1/5c1a639f506fbe5304403734/1589951322925-CLGVTP4SXQIUBCG4X7XB/AboyandhisBike.jpg,No match - likely stock photo
337,Gratitude in Times of Uncertainty,2020-05-05 14:00:00,/blogfeed/2020/5/8/gratitude-in-times-of-uncertainty,kellsocialpost+copy,http://images.squarespace-cdn.com/content/v1/5c1a639f506fbe5304403734/1588960786452-Q1LUOU6RF9FXVX2AEF25/kellsocialpost+copy.jpg,No match - likely stock photo
343,The Wanderers,2020-06-30 14:00:00,/blogfeed/2020/7/13/the-wanderers,57662,http://images.squarespace-cdn.com/content/v1/5c1a639f506fbe5304403734/1594665175011-EXSQBDE6DIWBGNFEI5AD/57662.jpg,No match - likely stock photo
345,Unity,2020-07-28 14:00:00,/blogfeed/2020/7/28/unity,10.7_sq,http://images.squarespace-cdn.com/content/v1/5c1a639f506fbe5304403734/1596172011224-5S0SEIQQN98862RT6LDJ/10.7_SQ.jpg,No match - likely stock photo
347,Blank Canvas,2020-07-14 14:00:00,/blogfeed/2020/7/31/blank-canvas,justyn-warner-vh8w75u3le0-unsplash,http://images.squarespace-cdn.com/content/v1/5c1a639f506fbe5304403734/1596171751833-8GFN7VOI86LW91VQPQX1/justyn-warner-VH8w75u3LE0-unsplash.jpg,No match - likely stock photo
351,Take Heart,2020-09-08 04:00:00,/blogfeed/2020/9/2/5pqcnh3dine2ns2y1urea2k7apm50k,img_5456,http://images.squarespace-cdn.com/content/v1/5c1a639f506fbe5304403734/1599100036795-3JGKS7AYLWQ8ULKIH8RG/IMG_5456.png,Generic image (img)
353,Staying Positive in a World that’s Increasingly Negative,2020-08-25 04:00:00,/blogfeed/2020/9/2/iuyoaaobvny8j4b36hmofzdddgrzv5,img_5455,http://images.squarespace-cdn.com/content/v1/5c1a639f506fbe5304403734/1599099784177-TOPKZNATGL45DVPQTGUY/IMG_5455.png,Generic image (img)
355,Freedom from the Mindset of Captivity,2021-01-21 17:45:46,/blogfeed/2021/1/11/freedom-from-the-mindset-of-captivity,1%3a21%3a21+blogpost,http://images.squarespace-cdn.com/content/v1/5c1a639f506fbe5304403734/1611250804929-3596APIDJKJZ9X1IY2MU/1%3A21%3A21+BlogPost.PNG,No match - likely stock photo
357,Faith Over Fear,2021-02-05 00:07:46,/blogfeed/2021/1/25/fear-not-during-covid,img_9895,http://images.squarespace-cdn.com/content/v1/5c1a639f506fbe5304403734/1612483645198-MO0OE8294DFN67YLNEZR/IMG_9895.PNG,Generic image (img)
359,Steady,2021-01-07 21:38:40,/blogfeed/2021/1/4/steady,1%3a6%3a21+blogpost,http://images.squarespace-cdn.com/content/v1/5c1a639f506fbe5304403734/1609946547906-M9UGN6S7CXXH6OSR00AA/1%3A6%3A21+BlogPost.PNG,No match - likely stock photo
363,The Reason We Burn,2021-12-15 18:41:24,/blogfeed/2021/12/15/the-reason-we-burn,untitled-1,http://images.squarespace-cdn.com/content/v1/5c1a639f506fbe5304403734/1639593609308-DMAQ39VGOKRI2E2XA3VQ/Untitled-1.jpg,No match - likely stock photo
365,Achievable Goals for 2021,2021-02-17 18:30:39,/blogfeed/2021/2/17/achievable-goals-for-2021,2%3a17%3a21+blog+post,http://images.squarespace-cdn.com/content/v1/5c1a639f506fbe5304403734/1613586555644-4MLCN1RG7X2ZIA6GSM9O/2%3A17%3A21+Blog+Post.PNG,No match - likely stock photo
367,Finding Family,2021-03-03 19:45:56,/blogfeed/2021/2/17/finding-family,3%3a3%3a21+blog,http://images.squarespace-cdn.com/content/v1/5c1a639f506fbe5304403734/1614800652347-SXNWIUICKO8AJZJN6BN8/3%3A3%3A21+Blog.jpg,No match - likely stock photo
369,"That Was Then, This Is Now",2021-03-17 13:25:32,/blogfeed/2021/3/17/nd4nf97e4x2end654z36gsqh69zeco,3%3a17%3a21+blog,http://images.squarespace-cdn.com/content/v1/5c1a639f506fbe5304403734/1616000728016-CO4TI4QYNSYRCKR7PXUX/3%3A17%3A21+Blog.PNG,No match - likely stock photo
371,"A Love Story…Love for Family, Love for God",2021-04-09 15:41:07,/blogfeed/2021/3/31/a-love-storylove-for-family-love-for-god,lovestoryblog,http://images.squarespace-cdn.com/content/v1/5c1a639f506fbe5304403734/1617632979137-435LK1DZ397IEVX82814/LoveStoryBlog.jpg,No match - likely stock photo
381,In Group,2021-06-09 13:36:50,/blogfeed/2021/6/7/in-group,88edc01f-bfc0-4732-b69b-b36048283e3c,http://images.squarespace-cdn.com/content/v1/5c1a639f506fbe5304403734/1623245691275-XEK1M6P5ZY30V9VCXFPQ/88EDC01F-BFC0-4732-B69B-B36048283E3C.PNG,No match - likely stock photo
389,A Life Without Want,2022-10-25 20:11:31,/blogfeed/2022/10/25/v90yahhnwkr5mkmu6cpvjwl8cdq7hk,unsplash-image-yjva-f9p9kk,http://images.squarespace-cdn.com/content/v1/5c1a639f506fbe5304403734/1666713703906-JKKJ331MSAE362K79PHX/unsplash-image-YjVa-F9P9kk.jpg,No match - likely stock photo
391,Faith Draws God’s Attention,2022-12-07 14:00:00,/blogfeed/2022/12/1/faith-draws-gods-attentionnbsp,advent+series+lobby+wall,http://images.squarespace-cdn.com/content/v1/5c1a639f506fbe5304403734/1669916954165-36EXE22OBCX5KHMTIK40/Advent+Series+Lobby+Wall.png,No match - likely stock photo
393,The Gift of Hope,2022-12-01 14:24:53,/blogfeed/2022/12/1/the-gift-of-hope,advent%2bseries%2blobby%2bwall,http://images.squarespace-cdn.com/content/v1/5c1a639f506fbe5304403734/1671371021356-V5SZWK2SAVDFWQWIRPYA/Advent%2BSeries%2BLobby%2BWall.jpg,No match - likely stock photo
395,Prince of Peace,2022-12-21 17:50:43,/blogfeed/2022/12/21/prince-of-peace,advent+series+lobby+wall,http://images.squarespace-cdn.com/content/v1/5c1a639f506fbe5304403734/1671647465078-81SJ884VTL1DUHQ22SDN/Advent+Series+Lobby+Wall.png,No match - likely stock photo
401,Power of Prayer and Fasting,2023-01-10 17:11:57,/blogfeed/2023/1/10/power-of-prayer-and-fastingnbsp,prayfirst_square,http://images.squarespace-cdn.com/content/v1/5c1a639f506fbe5304403734/1673371584786-FIP1UPY1EJM0IITAGH3D/PrayFirst_square.jpg,No match - likely stock photo
403,Prayer & The Word,2023-01-19 20:48:00,/blogfeed/2023/1/19/prayer-amp-the-wordnbsp,prayfirst_square,http://images.squarespace-cdn.com/content/v1/5c1a639f506fbe5304403734/1673371584786-FIP1UPY1EJM0IITAGH3D/PrayFirst_square.jpg,No match - likely stock photo
405,Prayer and Fasting,2023-01-19 17:58:54,/blogfeed/2023/1/19/prayer-and-fasting,prayfirst_square,http://images.squarespace-cdn.com/content/v1/5c1a639f506fbe5304403734/1673371584786-FIP1UPY1EJM0IITAGH3D/PrayFirst_square.jpg,No match - likely stock photo
407,Why Baptism?,2023-01-19 14:00:00,/blogfeed/2023/1/19/why-baptism,baptisms+2023+beta,http://images.squarespace-cdn.com/content/v1/5c1a639f506fbe5304403734/1673556239895-T00QH72RCEKP26SB6F61/Baptisms+2023+Beta.png,No match - likely stock photo
409,"The Power of Prayer, Community and Confession",2023-01-23 14:00:00,/blogfeed/2023/1/23/the-power-of-prayer-community-and-confession,prayfirst_square,http://images.squarespace-cdn.com/content/v1/5c1a639f506fbe5304403734/1673371584786-FIP1UPY1EJM0IITAGH3D/PrayFirst_square.jpg,No match - likely stock photo
411,Prayer and Confession,2023-01-30 18:18:06,/blogfeed/2023/1/30/prayer-and-confession,prayfirst_square,http://images.squarespace-cdn.com/content/v1/5c1a639f506fbe5304403734/1673371584786-FIP1UPY1EJM0IITAGH3D/PrayFirst_square.jpg,No match - likely stock photo
413,Immeasurable Grace,2023-10-19 14:11:12,/blogfeed/2023/10/19/immeasurable-grace,legacy_screen+%281%29,http://images.squarespace-cdn.com/content/v1/5c1a639f506fbe5304403734/1697724657956-WFSKE7EKX42UWQ6GN5T9/Legacy_Screen+%281%29.png,No match - likely stock photo
415,An Everlasting Kingdom,2023-10-04 12:29:27,/blogfeed/2023/10/4/an-everlasting-kingdom,daniel_b_screen,http://images.squarespace-cdn.com/content/v1/5c1a639f506fbe5304403734/1694614764833-SFE24DVRA29UUFUWPU3L/Daniel_B_Screen.jpg,No match - likely stock photo
417,Family Stories,2023-11-01 22:49:23,/blogfeed/2023/11/1/family-stories,legacy_screen,http://images.squarespace-cdn.com/content/v1/5c1a639f506fbe5304403734/16bf6f3f-0a10-411b-a1ba-fa185591f690/Legacy_Screen.png,No match - likely stock photo
419,Celebrate,2023-11-21 21:38:04,/blogfeed/2023/11/21/celebrate,legacy_screen,http://images.squarespace-cdn.com/content/v1/5c1a639f506fbe5304403734/1700418438617-CIKIHC0BTMFMX85B9LIV/Legacy_Screen.png,No match - likely stock photo
421,Light,2023-12-21 14:16:15,/blogfeed/2023/12/21/light,advent+2023_square,http://images.squarespace-cdn.com/content/v1/5c1a639f506fbe5304403734/1701809769322-WUI53VZAKHC9XK72JKPS/Advent+2023_Square.png,No match - likely stock photo
423,O Little Town,2023-12-05 20:56:21,/blogfeed/2023/12/5/iizkuaz3jufaa5rzqyg346zowqon3d,advent+2023_square,http://images.squarespace-cdn.com/content/v1/5c1a639f506fbe5304403734/1701809769322-WUI53VZAKHC9XK72JKPS/Advent+2023_Square.png,No match - likely stock photo
425,Completely Forgiven,2023-02-16 19:19:12,/blogfeed/2023/2/16/completely-forgiven,inyim_screen,http://images.squarespace-cdn.com/content/v1/5c1a639f506fbe5304403734/1676576506797-ET7JPMGMSK6HU74Q5B44/INYIM_screen.png,No match - likely stock photo
427,Get Your Hands on The Net,2023-02-16 20:57:51,/blogfeed/2023/2/16/get-your-hands-on-the-net,gt+website,http://images.squarespace-cdn.com/content/v1/5c1a639f506fbe5304403734/bdfb2738-f185-47aa-9238-d04890d8cc25/GT+Website.png,No match - likely stock photo
429,Completely Forgiving,2023-02-28 19:42:38,/blogfeed/2023/2/28/completely-forgiving,inyim_screen,http://images.squarespace-cdn.com/content/v1/5c1a639f506fbe5304403734/1677613636659-GFB886AGL53Y98YQMST2/INYIM_screen.jpg,No match - likely stock photo
431,The Power of Community: Why The Point Church App is Essential,2023-02-07 14:40:55,/blogfeed/2023/2/7/the-power-of-community-why-the-point-church-app-is-essential,screenshot+2023-02-07+at+9.39.33+am,http://images.squarespace-cdn.com/content/v1/5c1a639f506fbe5304403734/1675780782132-04KTZVGKZKZ1TKB7QTZ1/Screenshot+2023-02-07+at+9.39.33+AM.png,No match - likely stock photo
433,When we REACH,2023-02-09 20:30:40,/blogfeed/2023/2/9/when-we-reach,toydrive-39,http://images.squarespace-cdn.com/content/v1/5c1a639f506fbe5304403734/27ab0e2a-1395-471c-a437-6b834fdd0084/ToyDrive-39.jpg,No match - likely stock photo
435,Comparison,2023-03-10 22:45:29,/blogfeed/2023/3/10/comparison,inyim_screen,http://images.squarespace-cdn.com/content/v1/5c1a639f506fbe5304403734/1678046884202-WU0JUBWTYP56QJBY7YGB/INYIM_screen.jpg,No match - likely stock photo
437,CONNECT,2023-03-15 01:06:30,/blogfeed/2023/3/14/connect,unsplash-image-pvbrsgy9ijy,http://images.squarespace-cdn.com/content/v1/5c1a639f506fbe5304403734/1679318629549-J61745SZ3MNO8EE5VRAE/unsplash-image-pvbRsgY9ijY.jpg,No match - likely stock photo
439,What Will Jesus Find?,2023-03-17 19:15:05,/blogfeed/2023/3/17/what-what-jesus-find,pw_square,http://images.squarespace-cdn.com/content/v1/5c1a639f506fbe5304403734/1680180426987-9DV5F6GMSL3O9EFK1TAT/PW_square.jpg,No match - likely stock photo
441,Lonely,2023-03-02 21:40:32,/blogfeed/2023/3/2/lonely,inyim_square,http://images.squarespace-cdn.com/content/v1/5c1a639f506fbe5304403734/1680180771199-8ZP1DU5ETBPXUAKZ2K5J/INYIM_square.jpg,No match - likely stock photo
443,Wake Up Call,2023-03-30 20:10:32,/blogfeed/2023/3/30/wake-up-call,pw_square,http://images.squarespace-cdn.com/content/v1/5c1a639f506fbe5304403734/1680207516978-XQJQU1U3SAYJJRBPYQ5Q/PW_square.jpg,No match - likely stock photo
445,Why You Should Get Involved in REACH Serve Day,2023-03-30 19:27:49,/blogfeed/2023/3/30/why-you-should-get-involved-in-reach-serve-day,reach+serve+day_square,http://images.squarespace-cdn.com/content/v1/5c1a639f506fbe5304403734/1680717109087-DHZH15D1URA1V794DT5I/REACH+Serve+Day_square.png,No match - likely stock photo
449,Get CONNECTED,2023-03-07 21:23:38,/blogfeed/2023/3/7/get-connected,screen+shot+2023-02-05+at+1.37.36+pm,http://images.squarespace-cdn.com/content/v1/5c1a639f506fbe5304403734/1675622645646-HP2I4FUDVCC2AMCYJMOT/Screen+Shot+2023-02-05+at+1.37.36+PM.png,No match - likely stock photo
451,A Living Savior,2023-04-12 18:09:21,/blogfeed/2023/4/12/a-living-savior,easter_square,http://images.squarespace-cdn.com/content/v1/5c1a639f506fbe5304403734/1681324257764-G5MNGRXDBJIMNYMKPIIS/Easter_square.jpg,No match - likely stock photo
453,Impossible Situations,2023-04-27 15:09:52,/blogfeed/2023/4/27/impossible-situations,daniel_a_square,http://images.squarespace-cdn.com/content/v1/5c1a639f506fbe5304403734/1682607997019-FDEKQLNV6RQP8WBYXO06/Daniel_A_square.jpg,No match - likely stock photo
455,Pride,2023-05-16 20:04:08,/blogfeed/2023/5/16/pride,daniel_a_square,http://images.squarespace-cdn.com/content/v1/5c1a639f506fbe5304403734/1682607997019-FDEKQLNV6RQP8WBYXO06/Daniel_A_square.jpg,No match - likely stock photo
457,Integrity,2023-05-24 15:27:59,/blogfeed/2023/5/24/integrity,daniel_a_square,http://images.squarespace-cdn.com/content/v1/5c1a639f506fbe5304403734/1682607997019-FDEKQLNV6RQP8WBYXO06/Daniel_A_square.jpg,No match - likely stock photo
459,Thoughts,2023-06-21 15:58:30,/blogfeed/2023/6/21/thoughts,storedup_square,http://images.squarespace-cdn.com/content/v1/5c1a639f506fbe5304403734/1686072173588-QDMFWCND0V471HVCMEI4/StoredUp_square.jpg,No match - likely stock photo
461,What Is True,2023-06-06 17:25:25,/blogfeed/2023/6/6/what-is-true,storedup_square,http://images.squarespace-cdn.com/content/v1/5c1a639f506fbe5304403734/1686072173588-QDMFWCND0V471HVCMEI4/StoredUp_square.jpg,No match - likely stock photo
463,Tell Me Something,2023-07-19 16:56:23,/blogfeed/2023/7/19/tell-me-something,reachseries_square,http://images.squarespace-cdn.com/content/v1/5c1a639f506fbe5304403734/1689785608486-3NZ132JGUAAAXYPPFWMB/REACHseries_square.jpg,No match - likely stock photo
465,Rest,2023-07-05 15:44:59,/blogfeed/2023/7/5/rest,storedup_square,http://images.squarespace-cdn.com/content/v1/5c1a639f506fbe5304403734/1688571861322-JTRK84M712H3G9RMJMK4/StoredUp_square.jpg,No match - likely stock photo
467,Family Business,2023-08-16 12:49:22,/blogfeed/2023/8/16/family-business,work_screen,http://images.squarespace-cdn.com/content/v1/5c1a639f506fbe5304403734/1691953162256-6KHPP95GPZJ0YDB3YT0B/Work_Screen.png,No match - likely stock photo
469,In Your Going,2023-08-03 23:30:20,/blogfeed/2023/8/3/in-your-going,reachseries_square,http://images.squarespace-cdn.com/content/v1/5c1a639f506fbe5304403734/1689785608486-3NZ132JGUAAAXYPPFWMB/REACHseries_square.jpg,No match - likely stock photo
471,A Word Went Out,2023-09-19 19:50:23,/blogfeed/2023/9/19/a-word-went-out,daniel_b_screen,http://images.squarespace-cdn.com/content/v1/5c1a639f506fbe5304403734/1694614764833-SFE24DVRA29UUFUWPU3L/Daniel_B_Screen.jpg,No match - likely stock photo
473,Glory-Strength,2023-09-06 14:21:40,/blogfeed/2023/9/6/glory-strength,daniel_b_screen,http://images.squarespace-cdn.com/content/v1/5c1a639f506fbe5304403734/1694010310273-8UDFTGZNM0KYXE35VUK7/Daniel_B_Screen.jpg,No match - likely stock photo
475,Breakthrough,2024-01-11 20:48:13,/blogfeed/2024/1/11/breakthrough,pray+first_screen,http://images.squarespace-cdn.com/content/v1/5c1a639f506fbe5304403734/86128494-e795-4fdb-a3c1-51622764a0c6/Pray+First_Screen.png,No match - likely stock photo
477,Wisdom,2024-01-25 19:45:22,/blogfeed/2024/1/25/wisdom,pray+first_screen,http://images.squarespace-cdn.com/content/v1/5c1a639f506fbe5304403734/1705862779181-V5EEEYXHF6W4XFHGDIR6/Pray+First_Screen.png,No match - likely stock photo
479,Disciple Maker,2024-10-15 15:45:09,/blogfeed/2024/10/15/disciple-maker,til_screen,http://images.squarespace-cdn.com/content/v1/5c1a639f506fbe5304403734/1728236705056-SQJWIB8S6S16MTT8AJX0/TIL_Screen.png,No match - likely stock photo
481,The Pursuit of Success or the Pursuit of Contentment?,2024-10-21 17:17:05,/blogfeed/2024/10/21/the-pursuit-of-success-or-the-pursuit-of-contentment,faithful_title,http://images.squarespace-cdn.com/content/v1/5c1a639f506fbe5304403734/1729445040440-1G7EVRJH1B1N8CJSLQAF/Faithful_Title.png,No match - likely stock photo
484,Enthusiasm & Empowerment,2024-11-21 16:22:06,/blogfeed/2024/11/21/enthusiasm-amp-empowerment,legacy+2024_title,http://images.squarespace-cdn.com/content/v1/5c1a639f506fbe5304403734/1731264815537-VRZY7KU5OBCXEVYF4S1C/Legacy+2024_Title.png,No match - likely stock photo
486,Oneness,2024-11-07 20:09:10,/blogfeed/2024/11/7/oneness,legacy+2024_title,http://images.squarespace-cdn.com/content/v1/5c1a639f506fbe5304403734/bab4cb5c-af5e-4db2-aadc-487ed2fee515/Legacy+2024_Title.png,No match - likely stock photo
488,Hope,2024-12-10 15:15:23,/blogfeed/2024/12/10/hope,advent+2024_title,http://images.squarespace-cdn.com/content/v1/5c1a639f506fbe5304403734/1733686371496-U0D4XVVVQTLXJ9N7FBRP/Advent+2024_Title.png,No match - likely stock photo
490,Peace,2024-12-19 18:34:36,/blogfeed/2024/12/19/peace,advent+2024_title,http://images.squarespace-cdn.com/content/v1/5c1a639f506fbe5304403734/1734286433578-AMQNZK3TOA8KQTY8YIDW/Advent+2024_Title.png,No match - likely stock photo
492,Anger,2024-02-27 20:09:59,/blogfeed/2024/2/27/anger,relationships_square,http://images.squarespace-cdn.com/content/v1/5c1a639f506fbe5304403734/1709064666061-ZU5U00Y32HG89YNF6YRG/Relationships_Square.png,No match - likely stock photo
494,Love,2024-02-07 18:51:36,/blogfeed/2024/2/7/love,relationships_square,http://images.squarespace-cdn.com/content/v1/5c1a639f506fbe5304403734/1707331887080-4278HKFH39UK5OMP0O7Q/Relationships_Square.png,No match - likely stock photo
496,"Ready, Set, Go!",2024-03-14 16:37:03,/blogfeed/2024/3/14/ready-set-go,easter_square,http://images.squarespace-cdn.com/content/v1/5c1a639f506fbe5304403734/1710434172249-D7J3ZAPISV66FFCXW2IT/Easter_Square.png,No match - likely stock photo
498,Self-Preservation,2024-03-26 19:38:58,/blogfeed/2024/3/26/self-preservation,easter_square,http://images.squarespace-cdn.com/content/v1/5c1a639f506fbe5304403734/1711482078746-CHUTJ05BE2603LVW086R/Easter_Square.png,No match - likely stock photo
500,A Little Further,2024-04-10 15:10:08,/blogfeed/2024/4/10/a-little-further,yqga_screen,http://images.squarespace-cdn.com/content/v1/5c1a639f506fbe5304403734/cbe50c67-d687-471a-abae-dd10d490ecc7/YQGA_Screen.png,No match - likely stock photo
502,Using Time,2024-04-25 18:13:16,/blogfeed/2024/4/25/using-time,yqga_square-2,http://images.squarespace-cdn.com/content/v1/5c1a639f506fbe5304403734/1714068896464-HKZ7C0SAT4I07R8VJSOA/YQGA_Square-2.png,No match - likely stock photo
504,Grief,2024-05-22 17:41:25,/blogfeed/2024/5/22/grief,yqga_square-2,http://images.squarespace-cdn.com/content/v1/5c1a639f506fbe5304403734/1714068896464-HKZ7C0SAT4I07R8VJSOA/YQGA_Square-2.png,No match - likely stock photo
506,Pledge,2024-05-09 20:03:15,/blogfeed/2024/5/9/elections,yqga_square-2,http://images.squarespace-cdn.com/content/v1/5c1a639f506fbe5304403734/1714068896464-HKZ7C0SAT4I07R8VJSOA/YQGA_Square-2.png,No match - likely stock photo
508,Transformation,2024-06-19 14:07:50,/blogfeed/2024/6/19/transformation,john_screen,http://images.squarespace-cdn.com/content/v1/5c1a639f506fbe5304403734/1718559147633-PRHEYS6KC2J28QNAEZ00/John_Screen.png,No match - likely stock photo
510,Light,2024-06-05 13:52:01,/blogfeed/2024/6/5/light,john_screen,http://images.squarespace-cdn.com/content/v1/5c1a639f506fbe5304403734/1642a422-3842-44b7-9c25-67ac5a33c1f7/John_Screen.png,No match - likely stock photo
512,Partnering with God,2024-07-16 18:10:06,/blogfeed/2024/7/16/partnering-with-god,john_screen,http://images.squarespace-cdn.com/content/v1/5c1a639f506fbe5304403734/1720981577802-RXOCUYO2UEOCLYZHTXIL/John_Screen.png,No match - likely stock photo
514,Born Again,2024-07-02 19:50:33,/blogfeed/2024/7/2/born-again,john_screen,http://images.squarespace-cdn.com/content/v1/5c1a639f506fbe5304403734/1719768619631-SK8T45K7WAKCGQCP2LGO/John_Screen.png,No match - likely stock photo
516,Thirsty,2024-07-31 18:44:47,/blogfeed/2024/7/31/thirsty,john_screen,http://images.squarespace-cdn.com/content/v1/5c1a639f506fbe5304403734/1721581797353-2FM0DS9TTG674JLPLVOQ/John_Screen.png,No match - likely stock photo
518,Purposed,2024-08-15 18:52:00,/blogfeed/2024/8/15/purposed,john_screen,http://images.squarespace-cdn.com/content/v1/5c1a639f506fbe5304403734/1723401512949-YOKT7GB546GW2P40CIFI/John_Screen.png,No match - likely stock photo
520,Priorities,2024-08-29 14:45:09,/blogfeed/2024/8/29/priorities,til_screen+%282%29,http://images.squarespace-cdn.com/content/v1/5c1a639f506fbe5304403734/1724942689673-MP8OFHFEVNO7PPPKGOC9/TIL_Screen+%282%29.png,No match - likely stock photo
522,Praise,2024-09-12 16:51:29,/blogfeed/2024/9/12/praise,til_screen,http://images.squarespace-cdn.com/content/v1/5c1a639f506fbe5304403734/1725212494311-OEIMZNHEHJG1US3OP69N/TIL_Screen.png,No match - likely stock photo
524,Anointing,2024-09-25 19:53:49,/blogfeed/2024/9/25/anointing,til_screen+%281%29,http://images.squarespace-cdn.com/content/v1/5c1a639f506fbe5304403734/1727293969237-Z8CNKL5L8LBM3XAY6Q6N/TIL_Screen+%281%29.png,No match - likely stock photo
526,Prayer is Partnership,2025-01-09 17:31:42,/blogfeed/2025/1/9/prayer-is-partnership,21+dop+2025_screen,http://images.squarespace-cdn.com/content/v1/5c1a639f506fbe5304403734/1736101377266-CNPGCIBWIS3ETLBHL8IM/21+DOP+2025_Screen.png,No match - likely stock photo
528,Bold Faith,2025-10-24 22:27:43,/blogfeed/2025/10/24/bold-faith,take+heart+1920x920,http://images.squarespace-cdn.com/content/v1/5c1a639f506fbe5304403734/1760970821845-U5H31A1F0WOAH9QQ3F58/Take+Heart+1920x920.png,No match - likely stock photo
530,,2025-10-09 18:20:37,/blogfeed/2025/10/9/7ruefr7f73wrx8dyty6z3i2p28reqo-Q17F7,title,http://images.squarespace-cdn.com/content/v1/5c1a639f506fbe5304403734/8e99f4bb-6955-4da9-a938-ee22891441a3/Title.png,Generic image (title)
533,Created with Purpose,2025-11-20 14:18:16,/blogfeed/2025/11/20/created-with-purpose,title+slide,http://images.squarespace-cdn.com/content/v1/5c1a639f506fbe5304403734/1763320875653-A693NQSEQJC05XTODIUD/Title+Slide.png,Generic image (title+slide)
535,Repairer of Ruined Cities,2025-11-06 16:12:02,/blogfeed/2025/11/6/repairer-of-ruined-cities,title+slide+copy+2,http://images.squarespace-cdn.com/content/v1/5c1a639f506fbe5304403734/ac66d0a5-8c4a-417e-9b62-b51f9f23eea2/Title+Slide+copy+2.png,No match - likely stock photo
537,God's Protective Authority,2025-02-13 20:00:17,/blogfeed/2025/2/13/gods-protective-authority,pray+first+2025_screen,http://images.squarespace-cdn.com/content/v1/5c1a639f506fbe5304403734/1737312768875-MF7AW6Z031337WQH031J/Pray+First+2025_Screen.png,No match - likely stock photo
540,The Door of Life,2025-03-20 18:17:22,/blogfeed/2025/3/20/the-door-of-life,i+am_title,http://images.squarespace-cdn.com/content/v1/5c1a639f506fbe5304403734/1742146846124-I658SZUQ3WO8OD59MM1H/I+Am_Title.png,No match - likely stock photo
542,The Bread of Life,2025-03-06 16:49:43,/blogfeed/2025/3/6/the-bread-of-life,i+am_title,http://images.squarespace-cdn.com/content/v1/5c1a639f506fbe5304403734/1743962811015-V1DAGFIGSIQ5EN9T5GOL/I+Am_Title.png,No match - likely stock photo
545,The Resurrection and the Life,2025-04-28 16:20:04,/blogfeed/2025/4/28/the-resurrection-and-the-life,i+am_title,http://images.squarespace-cdn.com/content/v1/5c1a639f506fbe5304403734/1745780458330-JPXWML4D7A21I7EQNGZQ/I+Am_Title.png,No match - likely stock photo
547,Hearing God,2025-05-22 15:48:54,/blogfeed/2025/5/22/hearing-god,3840x2160+john,http://images.squarespace-cdn.com/content/v1/5c1a639f506fbe5304403734/1747591423314-1U2K3M5MC75IQHD81ELL/3840x2160+John.png,No match - likely stock photo
549,A Beautiful Thing,2025-06-19 14:32:31,/blogfeed/2025/6/19/above-the-threat,3840x2160+john,http://images.squarespace-cdn.com/content/v1/5c1a639f506fbe5304403734/1750012907031-M5BX519KSYRP5ZMSPIBE/3840x2160+John.png,No match - likely stock photo
551,Love Like Jesus,2025-07-02 20:06:02,/blogfeed/2025/7/2/love-like-jesus,3840x2160+john,http://images.squarespace-cdn.com/content/v1/5c1a639f506fbe5304403734/1747591423314-1U2K3M5MC75IQHD81ELL/3840x2160+John.png,No match - likely stock photo
553,Soul Rest,2025-07-21 14:15:14,/blogfeed/2025/7/21/soul-rest,podcast+3840+x+2160+px,http://images.squarespace-cdn.com/content/v1/5c1a639f506fbe5304403734/1753034125201-0TOA2ZBERTIV5U52M4ZD/Podcast+3840+x+2160+px.png,No match - likely stock photo
555,The Perfect Parent,2025-08-13 18:58:34,/blogfeed/2025/8/13/the-perfect-parent,podcast+3840+x+2160+px,http://images.squarespace-cdn.com/content/v1/5c1a639f506fbe5304403734/1754847281041-POPFLJZD0O35OHGKPSED/Podcast+3840+x+2160+px.png,No match - likely stock photo
557,Growing,2025-08-28 17:29:03,/blogfeed/2025/8/28/growing,til_screen,http://images.squarespace-cdn.com/content/v1/5c1a639f506fbe5304403734/1728236705056-SQJWIB8S6S16MTT8AJX0/TIL_Screen.png,No match - likely stock photo
559,Above the Threat,2025-08-06 12:51:09,/blogfeed/2025/8/6/above-the-threat,podcast+3840+x+2160+px,http://images.squarespace-cdn.com/content/v1/5c1a639f506fbe5304403734/68cac437-0f00-41ab-83ea-9de2fb8cd512/Podcast+3840+x+2160+px.png,No match - likely stock photo
561,Jesus at the Lunch Table,2025-09-11 23:34:34,/blogfeed/2025/9/11/jesus-at-the-lunch-table,il+3840+x+2160+px,http://images.squarespace-cdn.com/content/v1/5c1a639f506fbe5304403734/1756663290594-62X13SXHM2U6L969OS3Y/IL+3840+x+2160+px.png,No match - likely stock photo
563,A Song in the Night,2025-09-24 19:03:16,/blogfeed/2025/9/24/a-song-in-the-night,title,http://images.squarespace-cdn.com/content/v1/5c1a639f506fbe5304403734/8e99f4bb-6955-4da9-a938-ee22891441a3/Title.png,Generic image (title)
565,A Light Has Dawned,2019-12-18 03:00:00,/blogfeed/alighthasdawned,7.1_sq_master,http://images.squarespace-cdn.com/content/v1/5c1a639f506fbe5304403734/1576897211832-OO5HB6NRG2Z7KP4C6JOK/7.1_SQ_Master.jpg,No match - likely stock photo
569,Don't Block The Light,2020-01-14 23:59:00,/blogfeed/dontblockthelight,jonathan,http://images.squarespace-cdn.com/content/v1/5c1a639f506fbe5304403734/1580860731083-VU27QQHYU3Q7RZMI4T6L/jonathan.jpg,No match - likely stock photo
571,You Asked for It,2022-11-30 19:30:00,/blogfeed/leadwell2022q4,lead+well+q4+%282%29,http://images.squarespace-cdn.com/content/v1/5c1a639f506fbe5304403734/1668108619903-CAWPBBW6MP08M29CA6LD/Lead+Well+Q4+%282%29.png,No match - likely stock photo
573,My Journey to Find my Identity in Christ,2019-11-19 15:59:43,/blogfeed/my-journey-to-find-my-identity-in-christ,untitled-2,http://images.squarespace-cdn.com/content/v1/5c1a639f506fbe5304403734/1574178408819-OJYQB6CVTIDS5NEXOHT6/Untitled-2.jpg,No match - likely stock photo
577,Residing Joy,2022-12-17 17:22:13,/blogfeed/residing-joy-adventdevo,advent+series+lobby+wall,http://images.squarespace-cdn.com/content/v1/5c1a639f506fbe5304403734/1671647204852-1Q7DDBZJIBRSII07NOC0/Advent+Series+Lobby+Wall.png,No match - likely stock photo
579,Taking Down The Tree,2019-12-24 15:00:00,/blogfeed/takingdownthetree,tttt,http://images.squarespace-cdn.com/content/v1/5c1a639f506fbe5304403734/1576897992560-AWVUC0JSZ19723IQVFHN/tttt.jpg,No match - likely stock photo
583,We Do Recover,2020-02-05 14:52:26,/blogfeed/wedorecover,dalton,http://images.squarespace-cdn.com/content/v1/5c1a639f506fbe5304403734/1580914336262-JYP1DVHLERLNSCOMUQM8/dalton.jpg,No match - likely stock photo
585,Prayer,"Thu, 02 Mar 2023 03:44:45 +0000",/prayer,,,No image
